{
  "total_generations": 2001,
  "best_sharpe": 1.295963785578104,
  "best_sharpe_gen": 1992,
  "best_nav": 18742634.397214133,
  "best_nav_gen": 1992,
  "avg_sharpe": 1.0978907638641506,
  "std_sharpe": 0.1456429216261923,
  "stage_stats": [
    {
      "name": "初期",
      "avg_sharpe": 0.877788575205069,
      "max_sharpe": 0.9783141087995113,
      "min_sharpe": 0.7135687440925047,
      "std_sharpe": 0.05428377793872863
    },
    {
      "name": "中期",
      "avg_sharpe": 0.9472190442737121,
      "max_sharpe": 1.1089579542362913,
      "min_sharpe": 0.6989481864827108,
      "std_sharpe": 0.07277217669310715
    },
    {
      "name": "后期",
      "avg_sharpe": 1.1333642415605758,
      "max_sharpe": 1.2165528061277067,
      "min_sharpe": 0.6768842862776233,
      "std_sharpe": 0.09769929264020312
    },
    {
      "name": "末期",
      "avg_sharpe": 1.1624022587851255,
      "max_sharpe": 1.295963785578104,
      "min_sharpe": 0.7631412440772498,
      "std_sharpe": 0.12860656677921814
    }
  ],
  "all_island_stats": {
    "count": 20010,
    "avg_sharpe": 1.095079713502451,
    "avg_nav": 17160113.86583057,
    "avg_mdd": -0.18430144053363612
  }
}